{"Agents": [
    {"Agent": {
        "src": 26,
        "pos": "35.20260156093624,32.10476360672269,0.0",
        "id": 0,
        "dest": -1,
        "value": 0,
        "speed": 1
    }},
    {"Agent": {
        "src": 8,
        "pos": "35.20154022114608,32.10594485882353,0.0",
        "id": 1,
        "dest": -1,
        "value": 0,
        "speed": 1
    }},
    {"Agent": {
        "src": 13,
        "pos": "35.189568308313156,32.106617263865544,0.0",
        "id": 2,
        "dest": -1,
        "value": 0,
        "speed": 1
    }}
]}