{"Agents": [
    {"Agent": {
        "src": 39,
        "pos": "35.20192230347054,32.10710793781513,0.0",
        "id": 0,
        "dest": -1,
        "value": 0,
        "speed": 1
    }},
    {"Agent": {
        "src": 32,
        "pos": "35.18736072154964,32.10374591260504,0.0",
        "id": 1,
        "dest": -1,
        "value": 0,
        "speed": 1
    }},
    {"Agent": {
        "src": 39,
        "pos": "35.20192230347054,32.10710793781513,0.0",
        "id": 2,
        "dest": -1,
        "value": 0,
        "speed": 1
    }}
]}