{"Agents": [
    {"Agent": {
        "src": 32,
        "pos": "35.20115813882163,32.10750774621849,0.0",
        "id": 0,
        "dest": -1,
        "value": 0,
        "speed": 1
    }},
    {"Agent": {
        "src": 16,
        "pos": "35.20459687974173,32.10154696638656,0.0",
        "id": 1,
        "dest": -1,
        "value": 0,
        "speed": 1
    }}
]}