{"Agents": [
    {"Agent": {
        "src": 40,
        "pos": "35.19007775141243,32.107998420168066,0.0",
        "id": 0,
        "dest": -1,
        "value": 0,
        "speed": 1
    }},
    {"Agent": {
        "src": 13,
        "pos": "35.209415362389024,32.10265552605042,0.0",
        "id": 1,
        "dest": -1,
        "value": 0,
        "speed": 1
    }},
    {"Agent": {
        "src": 32,
        "pos": "35.18736072154964,32.10374591260504,0.0",
        "id": 2,
        "dest": -1,
        "value": 0,
        "speed": 1
    }}
]}