{"Agents": [{"Agent": {
    "src": 16,
    "pos": "35.19381366747377,32.102419275630254,0.0",
    "id": 0,
    "dest": -1,
    "value": 0,
    "speed": 1
}}]}